PC1,PC2,PC3,PC4,PC5,cluster,nmkab,nmkec
-4.3920568983097805,-4.498326846782284,-3.1136239730092394,-7.4074011426269655,6.5313725974527594,1,KEPULAUAN SELAYAR,PASIMARANNU
-3.807523091883231,-4.781470822360619,-4.323976331044523,-2.9740877256973266,5.2654875315707566,1,KEPULAUAN SELAYAR,PASILAMBENA
-4.287019052527867,-3.356579172405363,-1.631861571880592,-4.545367194903567,3.085485110666424,1,KEPULAUAN SELAYAR,PASIMASSUNGGU
-1.3563940073307401,-5.254031338088619,-4.051163913485373,-2.5819036545872005,3.75628588425346,1,KEPULAUAN SELAYAR,TAKABONERATE
-3.8249035428556537,-2.7230383646155136,-1.8449861038088258,-3.7162689709176067,2.2907312174049723,1,KEPULAUAN SELAYAR,PASIMASSUNGGU TIMUR
-2.2852298989511715,-2.8190070392710265,-3.5997977908433296,-4.28163103816258,2.2793071887721954,1,KEPULAUAN SELAYAR,BONTOSIKUYU
-1.665823247078324,-2.6455821796714547,-2.338666384835418,-3.8589121894304714,2.4095248657297117,1,KEPULAUAN SELAYAR,BONTOHARU
1.5036098250906487,-3.748240683198017,0.09006854032119609,-4.312863879410147,3.6254732344322163,1,KEPULAUAN SELAYAR,BENTENG
-2.074672115694455,-2.0258430369672826,-4.15695878048795,-2.254725737249369,3.844322285197842,1,KEPULAUAN SELAYAR,BONTOMANAI
-1.1852394836711,-2.7611331177623333,-3.9755433884336826,-0.9784730845761831,4.350304945503341,1,KEPULAUAN SELAYAR,BONTOMATENE
-2.223354062663038,-2.7551483316080208,-4.513257275437881,-1.5765276627652338,3.0462267148800413,1,KEPULAUAN SELAYAR,BUKI
4.587772929211971,0.9775550578706524,-0.9132013785933205,-1.375760510069773,0.9098764517107181,4,BULUKUMBA,GANTARANG
4.742789387504515,-0.875412774081862,1.1667495148572067,-0.43191022026142856,2.4332306796353516,3,BULUKUMBA,UJUNG BULU
1.7809294315708057,1.0996003199399953,-1.9662446313194497,-1.629113371925338,-1.7663675318009286,4,BULUKUMBA,UJUNG LOE
1.2817380792094137,-0.5854782328410865,-1.4756533150251923,-1.111979528461717,2.3690239621340883,4,BULUKUMBA,BONTO BAHARI
0.951322275183323,-0.1372576560853239,-2.314845227047307,-0.13129525476908174,1.6150363256985034,4,BULUKUMBA,BONTOTIRO
1.6767218949058305,0.4026046602530926,-1.9992265250436474,-1.713054815923368,0.00461419385123982,4,BULUKUMBA,HERO LANGE-LANGE
0.0471769117197914,0.769142287004804,-1.7137804265870653,-0.9620563527974748,0.24545340664807375,4,BULUKUMBA,KAJANG
1.2805091982283965,0.6363580986822429,-1.6797830937925424,-0.6846105318912122,-0.3363527441360821,4,BULUKUMBA,BULUKUMPA
2.5681531174416805,0.48814530472160167,-2.2512284339211135,-0.9052467983552543,-0.9304228146535839,4,BULUKUMBA,RILAU ALE
-1.301860690409248,0.1643274403361784,-0.4625062975535699,-0.2952612938009525,1.524249829668841,5,BULUKUMBA,KINDANG
1.9210389992530819,-0.5171977739007216,-1.8543945944043807,-0.5205118543409145,-0.10848843962886753,4,BANTAENG,BISSAPPU
-3.9040208905782356,0.49520753670164597,0.8176485188862661,-1.2259824413121145,-0.6339645227338668,5,BANTAENG,ULUERE
-1.4154160997156229,-0.10397995648516804,-1.8317646500306026,1.020378472156048,0.5005674842508915,5,BANTAENG,SINOA
2.2475988211968163,0.024433539696908396,0.21568799745916634,-0.2539485577472188,1.8120565206387327,4,BANTAENG,BANTAENG
-0.6418147752981974,0.37482075275685445,-0.47623374249329814,-0.6219510980294503,-0.10949106214244585,2,BANTAENG,EREMERASA
-1.3566666947251549,0.18257861188454033,1.2695609246775152,-1.0845973340685713,1.329801264106802,2,BANTAENG,TOMPOBULU
2.731101656407575,-0.83213669416625,-2.1170161294367995,-0.8093316702961914,-0.19069615280401792,4,BANTAENG,PA'JUKUKANG
1.6280660194494716,-0.9591429877116668,-1.5041753874342465,-0.2504790468450932,2.250688905646056,4,BANTAENG,GANTARANGKEKE
0.8744491156635924,0.3324902160426482,-1.4837202566800012,-0.6613337342628798,-0.0105746073220961,4,JENEPONTO,BANGKALA
-0.3560136095272728,-0.07298757696274061,-1.227432203627162,1.5996337924235804,0.6344909726621181,4,JENEPONTO,BANGKALA BARAT
1.9252945029548727,-1.4071040451726606,-1.704095843717482,0.2336738530526509,1.88298565200008,4,JENEPONTO,TAMALATEA
1.023688833027458,0.13625894838112748,-2.1346183162969243,-0.7214908380772549,-1.2306635664706624,4,JENEPONTO,BONTORAMBA
4.265631932984956,-0.6353170321298479,-0.6070689141907896,-3.4343121646316823,1.2725679627579212,4,JENEPONTO,BINAMU
2.0519719190676895,-0.018349558259440055,-3.1234493337928697,0.5962775525800852,-0.14466783277883133,4,JENEPONTO,TURATEA
1.8264488573515267,-0.8625439301655335,-3.074054310910533,1.3897560457955276,1.4065612923752333,4,JENEPONTO,BATANG
2.315060546308204,-1.1334244682677266,-4.0598466127853206,-0.8310803530506268,0.5156052031976877,4,JENEPONTO,ARUNGKEKE
1.4714046606344604,-0.5784051151507316,-3.3411934580994913,1.0774747404673715,0.6678356783643733,4,JENEPONTO,TAROWANG
1.3979676307023137,0.16439948997482465,-2.1064024721633037,1.7193297085350618,0.5155596740981437,4,JENEPONTO,KELARA
-1.0158374233647944,0.3469957177917155,-0.9391075823136977,-0.3397493682017161,-1.3101798341828925,2,JENEPONTO,RUMBIA
2.2186470546071364,-0.01570038132663835,-2.2329696488851503,1.5953081924296062,0.390734777757001,4,TAKALAR,MANGARA BOMBANG
-1.5714813022795633,-1.451362689317015,0.408762694356153,-0.21704574791665623,0.4138383611366879,5,TAKALAR,MAPPAKASUNGGU
2.230701398709355,-0.6218244034982937,-1.3212441897043072,2.254164518845176,-0.3432781677832687,4,TAKALAR,SANROBONE
2.7983135669722428,1.1616565027394639,-1.7098948562954583,1.2581121201876513,-2.4058554187453924,4,TAKALAR,POLOMBANGKENG SELATAN
3.088479081774203,0.4980895413618605,1.8807767973656893,0.5126720708081317,0.9440004220365422,3,TAKALAR,PATTALLASSANG
1.2876882058849615,0.9382362213064382,-0.9005259513926864,0.6843459120408333,-1.9680329397933607,4,TAKALAR,POLOMBANGKENG UTARA
2.9790915612548883,-0.005174499572924585,-1.4004686026562334,2.2574354763011732,-1.2207094170557538,4,TAKALAR,GALESONG SELATAN
3.5158838686704272,-0.10999699155515354,-1.4351018626046126,2.0761913542358332,-1.331117574748929,4,TAKALAR,GALESONG
3.7238335607774617,0.1995586242247022,-0.9843896896279585,2.5707024205411773,0.3733844542164496,4,TAKALAR,GALESONG UTARA
3.5244423230123485,0.2369141351604064,-2.0226527024438403,1.8980297854817558,-1.7280960585341205,4,GOWA,BONTONOMPO
2.6635659579635025,-0.0797590560582633,-1.7280868410260715,2.9882516578700935,0.21032092924082577,4,GOWA,BONTONOMPO SELATAN
4.694762217816181,0.39373251239980195,-0.5911881565806119,1.2637314825889217,-1.2270919345765654,4,GOWA,BAJENG
3.4567010882563882,-0.046257188961658466,-1.3419418970262724,3.309375909836507,0.5350342759203398,4,GOWA,BAJENG BARAT
5.546757547338213,1.1618080286007935,-0.36413645493160796,0.6345015353652144,-2.738481480369936,4,GOWA,PALLANGGA
3.7814395498951643,0.6095939717121703,-0.7806012608909721,2.877266237291368,0.03850623389739815,4,GOWA,BAROMBONG
5.7072985295598775,0.5732833377730701,2.2047911850950315,0.1798712910816605,-0.6710335261588822,3,GOWA,SOMBA OPU
1.8415423589284758,1.0268600715688754,-0.1427010301009379,0.493978995545655,-1.4198690378729732,4,GOWA,BONTOMARANNU
1.9279810501880996,0.9650695916930627,-0.12802206613286068,0.6780958028879079,-0.17072878054170848,4,GOWA,PATTALLASSANG
-1.979945023113373,0.6102410095846384,1.1769967977796416,-1.519254654857169,-1.9730023278844104,2,GOWA,PARANGLOE
-2.286302451465381,0.6722071057106422,0.3666559337626902,0.4659252289808364,0.2372860487914234,5,GOWA,MANUJU
-2.1044755576151,0.7199093758222997,2.504695500109752,-1.6195082723905971,1.0262404574215485,2,GOWA,TINGGIMONCONG
-3.3054414020816654,0.32128712033796414,0.7293103530449583,-0.460048638281486,0.6180049209508974,5,GOWA,TOMBOLO PAO
-2.4622125304261826,0.7017984651991985,1.1727908395786377,-1.9272270060885,-0.12445463341999548,2,GOWA,PARIGI
-2.8577527885328666,0.291720312694111,0.9871637710773937,-2.0116063301602365,-0.6700138947562898,2,GOWA,BUNGAYA
-3.0497095965531043,0.22867273690137047,0.17875383025311375,-1.2956497002027931,-0.4462957459343418,2,GOWA,BONTOLEMPANGAN
-2.619292591669006,0.2501635057148925,0.35241113441380506,-0.7921085845473453,1.104494773881987,5,GOWA,TOMPOBULU
-1.3268340622994,0.14690841009297181,-0.9329667920057515,-0.13442684539542812,0.41986301315715846,2,GOWA,BIRINGBULU
-3.3928750108700294,0.8576594966166768,0.2905307743514767,-0.9831769811009514,0.3934128611826226,5,SINJAI,SINJAI BARAT
-3.5354914393137453,0.2043765429152399,-0.2679756529965861,0.24355099242760986,1.1130412454986967,5,SINJAI,SINJAI BORONG
0.16990551726478775,0.7089773785416601,-0.44937633857816695,-0.8831551500034821,1.2250435162654774,4,SINJAI,SINJAI SELATAN
-1.1444372084186776,0.5238615530674486,0.3472498127724332,-0.9335903467618542,0.7803293232362087,2,SINJAI,TELLU LIMPOE
0.15842254264350494,1.0408396623151692,-1.502634786328537,-1.6506396056985682,-1.137795875984272,2,SINJAI,SINJAI TIMUR
-2.242722512974164,0.37725393876278585,-0.9292787341075234,-0.5380172281707908,1.1220382655159802,5,SINJAI,SINJAI TENGAH
3.2038020247641703,0.2460704075209886,2.9081455756040975,-2.529226956359725,1.4604563813115568,3,SINJAI,SINJAI UTARA
-0.7867726650481532,0.02966761484000106,-2.1399521064461564,0.8230565028924584,1.812084964511893,4,SINJAI,BULUPODDO
-1.117606135850418,-15.759303331811346,0.2159933839006885,3.087161374995167,-4.464387864365817,1,SINJAI,PULAU SEMBILAN
4.38238863988983,-0.9564386152587426,2.5865826666608287,0.6673018480582253,-0.310917341108839,3,MAROS,MANDAI
2.7334619391960757,0.6479233130580663,1.1083366515229114,-0.258975146729587,-0.7240938418974814,4,MAROS,MONCONGLOE
2.147678995722558,0.3315254131878741,0.11086240908849397,0.8401970702899347,-2.778909231490235,4,MAROS,MAROS BARU
2.1443976791100683,0.47061251556200306,0.74578844339871,-0.3532782888851188,-1.052583867496349,4,MAROS,MARUSU
5.644659931007796,0.4164062857469802,2.0657980641751927,-0.22357521803965758,-1.0039318553641663,3,MAROS,TURIKALE
3.3531638944164808,0.398321570848855,0.4165622624332704,-0.09473193379685121,-2.1287663861684725,4,MAROS,LAU
0.7506501322471103,0.7554923723370269,0.8023630283451685,-0.09307707939571588,-2.090594387119978,2,MAROS,BONTOA
0.26574648785126376,1.5466259733281156,0.8197705684205433,-2.8820224653292947,-3.5491164999922695,2,MAROS,BANTIMURUNG
-0.7452498028293074,1.541456166144024,1.33045508323793,-0.8802199200968498,-1.0803536833378544,2,MAROS,SIMBANG
1.616614356831181,0.9231141246892027,-0.04582321780251417,0.9680617785649788,0.13126784487579526,4,MAROS,TANRALILI
-4.38365174499413,0.8227019351530366,0.23585036471001866,-0.474437978683035,-0.5241253910477305,5,MAROS,TOMPU BULU
-2.6120275318468185,1.022574330734906,1.0519064800573128,-1.3599334036800586,0.1943771363585782,2,MAROS,CAMBA
-1.7391101491001997,1.3701121670988223,0.7957209047082737,-2.1604910305114937,-1.8472953360981057,2,MAROS,CENRANA
-2.9158234490905355,0.7261763826572635,-0.302710165699827,-0.9838953884424727,-1.0751365922032128,2,MAROS,MALLAWA
-2.9256678300851346,-4.52346668214232,-3.1495799469301637,-4.072949411147461,4.0704673483863,1,PANGKAJENE DAN KEPULAUAN,LIUKANG TANGAYA
-3.1745060299852663,-3.0318990565157216,-1.1142742640707177,-2.3746487758886103,2.6498136881882335,1,PANGKAJENE DAN KEPULAUAN,LIUKANG KALMAS
0.16046135874119138,-18.59349242081538,-1.7511373356725326,2.2914549098478894,-3.3189822352633116,1,PANGKAJENE DAN KEPULAUAN,LIUKANG TUPABBIRING
-1.2729215005648917,-17.30743204906533,1.4936511271580233,0.04894199698587834,-6.366020985700666,1,PANGKAJENE DAN KEPULAUAN,LIUKANG TUPABBIRING UTARA
4.124111796417357,1.1526266666727176,1.8475550813136172,-0.45992407351431364,-1.2437362551691433,3,PANGKAJENE DAN KEPULAUAN,PANGKAJENE
0.2007958540144729,1.1752314518084679,1.6261494488196075,-1.7836555521562623,-1.8348521422728623,2,PANGKAJENE DAN KEPULAUAN,MINASATENE
-2.748961154929955,0.7075376657402248,2.2458408771121174,-2.4346998323484073,-1.0033116079538418,2,PANGKAJENE DAN KEPULAUAN,BALOCCI
-3.980665074959324,0.5325649664255686,1.051717522226099,-0.49375442740399456,0.3159129031949779,5,PANGKAJENE DAN KEPULAUAN,TONDONG TALLASA
1.3974609608187658,1.1859873870851148,1.8077616094622324,-0.8870550924694843,-0.3814627894851389,2,PANGKAJENE DAN KEPULAUAN,BUNGORO
2.7231842510384703,1.1856700067099102,-0.3080116200243929,1.0174324096614407,-0.10268279971666168,4,PANGKAJENE DAN KEPULAUAN,LABAKKANG
1.7605538820064974,0.75364463278005,-0.8184076231218377,0.13880345643638256,-1.304235317818151,4,PANGKAJENE DAN KEPULAUAN,MA'RANG
0.6602563029390659,0.5672639647712931,-0.31708280786017423,-0.3081300830330561,-0.6716557840791932,4,PANGKAJENE DAN KEPULAUAN,SEGERI
0.40878531888176395,0.35358603885044854,0.40729186028630565,0.14790925816868553,1.0160046110391654,4,PANGKAJENE DAN KEPULAUAN,MANDALLE
-1.7011415594554153,0.9671382428936853,0.9092709050391031,-1.1071127003475876,-1.0444431258899876,2,BARRU,TANETE RIAJA
-4.2995107059749245,0.7175755224910834,0.6285228335614544,-0.5983948903304801,-0.42750988638774445,5,BARRU,PUJANANTING
1.0298443556814336,1.0580235044462667,0.2663524174318519,-0.40141434943559,0.42041353735370085,4,BARRU,TANETE RILAU
0.2593060989241235,0.8374511663867944,2.7531968785571816,-2.2148099741116383,0.513143729038129,2,BARRU,BARRU
-0.6710672190099896,0.6029927860216336,1.1188821395052582,-2.0396683283062553,-0.9171313381174337,2,BARRU,SOPPENG RIAJA
-1.0960432560712454,1.2421598618525254,0.7925677448807557,-1.6212474530295489,-1.074669894698114,2,BARRU,BALUSU
-2.1609425900872847,0.26249873749603825,1.3087834904041704,-1.6105917144677353,-0.0491450027245144,2,BARRU,MALLUSETASI
-3.6791823850643395,0.4186543060807528,0.21222373191142863,-1.0178140677546923,-1.0537221535062686,5,BONE,BONTOCANI
1.9708281960002934,1.3194239792880662,-1.2513604829451244,-0.8691563669910901,-1.2955967516462656,4,BONE,KAHU
1.0363455365086967,0.6137430453138405,-1.946994447496956,-0.6263519523111816,0.25816502821692044,4,BONE,KAJUARA
-0.287712686449641,0.10047476122130557,-2.910897736725788,0.4463040929246307,0.8463274208381201,4,BONE,SALOMEKKO
-0.9486019541141099,0.7055837590835249,-2.099110814679077,-0.9075526642250105,-1.7435131802093005,2,BONE,TONRA
-1.788898459880904,0.21352182891766222,-1.610797180038668,0.15747822697723143,0.8695925723589403,5,BONE,PATIMPENG
-0.1576434692391161,1.8264239744122228,-2.0661312440395876,0.14564045931173222,-0.8072168077988171,4,BONE,LIBURENG
0.032026960606959635,1.2328110006361839,-1.2603462782175223,-0.8741601468155186,-2.3424931398987843,2,BONE,MARE
1.776771855861996,1.509722779252984,-2.322664902280321,-0.8057572233727293,-3.511487508141536,4,BONE,SIBULUE
1.6600305268424727,1.3875839491157764,-2.6095930980718407,1.3168356650837598,-1.5482216800067754,4,BONE,CINA
0.4851789376728345,1.408297375159767,-2.5212617870591787,0.3551434627365417,-0.8874121902507417,4,BONE,BAREBBO
-2.6488058808613593,0.027893632609791063,-0.4580334544755318,0.3278949862234973,0.6890811107660821,5,BONE,PONRE
-0.5272950165546566,0.08301794298486853,-1.6240611186962484,1.0639589883227756,1.498190416039072,4,BONE,LAPPARIAJA
-0.07772893352118161,0.5660113521466686,-1.4059652152074311,-0.36965427380106003,0.3722452218676576,4,BONE,LAMURU
-3.113577316815885,0.3254383834862945,-1.1370886541293204,-0.6057321379085758,-1.3678025821255781,5,BONE,TELLU LIMPOE
-0.26475717532061044,0.0990865895605586,-1.3533620816940164,-0.5031756780735298,-0.7338550250997037,4,BONE,BENGO
-0.13938769753131883,0.3248774874269025,-2.8593245918695795,0.062123712811386976,-0.6933786693728068,4,BONE,ULAWENG
-0.14092223829182213,0.5387289705714388,-3.2594928850521065,1.2220368658558471,0.3884909449338996,4,BONE,PALAKKA
0.8547583379086587,0.31938601209608436,-2.6743328815674463,-0.9151159971123696,-1.974048802041567,4,BONE,AWANGPONE
1.2376464622294725,0.4226581200682647,-2.7775856084592765,-0.5355112789987845,0.05782466518925147,4,BONE,TELLU SIATTINGE
-0.5860778721821909,-0.07541754581320512,-3.639750527031071,1.4041716042487746,0.9728166635337269,4,BONE,AMALI
1.194637944114376,0.18692848820873004,-3.5973988232133727,1.0012413303183014,-0.13030246950502167,4,BONE,AJANGALE
1.4046713333767118,0.32264578534155725,-3.2319703419462673,0.40518253308225183,-0.20197404062426078,4,BONE,DUA BOCCOE
-1.7433413248130252,1.3630029505229162,-1.2240675753382326,-2.159078586617388,-3.0784272591636106,2,BONE,CENRANA
4.209857877188915,-0.0737152891250416,-0.2561496785457008,-0.6820083358156397,0.1324538727765225,4,BONE,TANETE RIATTANG BARAT
5.169598686272207,0.10467648515888482,0.32970812535604666,-0.20090186017959602,1.397473400768092,3,BONE,TANETE RIATTANG
3.408580599973921,-0.3025918860053432,-0.41039583456557094,-0.9619566626018609,0.7122538915215492,4,BONE,TANETE RIATTANG TIMUR
1.2365140399580683,0.8515700805447568,-1.3752168015612238,-0.9606330061315266,-2.004233637763869,4,SOPPENG,MARIO RIWAWO
1.0244606762355482,0.5839195675026977,3.1764600534569403,-3.0254547961266844,-0.08387921535260559,2,SOPPENG,LALABATA
2.5454468089320126,0.11763731095213342,-1.5235347474924958,0.6951266933352177,-1.181373925056492,4,SOPPENG,LILI RIAJA
2.5485817219236213,-0.33547388934290323,-2.122834871025167,1.451863658142117,1.0084147914421207,4,SOPPENG,GANRA
0.42941624458421,-0.2797780224186859,-2.3260980456465608,0.5854470406896644,-0.054349977578528275,4,SOPPENG,CITTA
2.9404859015354807,0.021675008352122084,-2.0038466974408697,-0.49277429746171453,-0.566904114125974,4,SOPPENG,LILI RILAU
0.2153675101982108,0.6591642815494317,-1.1878277740275085,-1.7531118876406795,-1.883540052517614,2,SOPPENG,DONRI DONRI
-0.18507689273313857,0.41977088197254087,-1.4194590389922035,-2.199461575710808,-1.7107892527291204,2,SOPPENG,MARIO RIAWA
3.0727931235279358,-0.34638875666945995,-3.0266542934495693,-0.36993557545856953,0.4928165824477112,4,WAJO,SABBANG PARU
5.7892926645968945,-0.8027707388222519,-0.4331080304201104,-1.9619987880364635,0.6527934197468522,3,WAJO,TEMPE
2.8170341231870584,0.26861272585581725,-2.7488481770885005,-1.0213637128450923,-1.4244725542227088,4,WAJO,PAMMANA
1.4352210719022451,-0.020729417748837832,-3.2020741625044042,-1.3938344497104518,-0.9794466905142896,4,WAJO,BOLA
0.8298051251882455,-0.18361487126235235,-1.3540829908102754,-1.3777862892552162,-0.7059711722061514,4,WAJO,TAKKALALLA
1.1224560854656525,0.5592442863693425,-1.8519936192825075,-1.2012418680395722,-2.0795848748009793,4,WAJO,SAJOANGING
1.031640973064786,-0.3003369643104861,-2.239802451130807,-0.5902262659660406,-0.8724502865202658,4,WAJO,PENRANG
1.9366758206565726,-0.299045454104186,-2.9810338046473297,-0.6827423849484046,-0.7331364129428255,4,WAJO,MAJAULENG
2.82585470123893,-0.10905852011092944,-3.8299049853511455,-0.22777613451126116,0.7253281962294277,4,WAJO,TANASITOLO
4.021053315299245,-0.2809761071415869,-3.038643948092916,-0.5852071752416331,0.5683639714649046,4,WAJO,BELAWA
1.513513221269472,0.3931359422630203,-2.1641549175884056,-1.0330964642551925,-0.7062913924773611,4,WAJO,MANIANG PAJO
-0.6266370506886285,-0.39612908150543924,-2.1558149947589684,1.335018293216668,1.6321157505838266,4,WAJO,GILIRENG
0.9822040565139701,0.9995904678915825,-1.4894975125753787,-1.0313075673151721,-2.4288727785527504,4,WAJO,KEERA
3.9546585112220347,1.2571740615517308,-0.5901482621038995,-1.5668242994937926,-1.219771398077457,4,WAJO,PITUMPANUA
0.1001701347210939,0.1504053147838633,-1.8902754119660483,-0.42451651045670835,-0.15033358946460906,4,SIDENRENG RAPPANG,PANCA LAUTANG
0.6101061260640921,0.6029537188306074,-1.7234607881235764,-0.5978589415709674,-0.526486925733526,4,SIDENRENG RAPPANG,TELLULIMPO E
1.7723780885092153,0.8853174896472045,-2.2577765186144885,0.2896418063289638,-1.4478949801955894,4,SIDENRENG RAPPANG,WATANG PULU
3.9134976325604334,0.10632939837750657,-1.1759017881754639,1.9061329282314072,1.1893125430372014,4,SIDENRENG RAPPANG,BARANTI
4.278620084152634,-0.03215326417306849,0.09667629477870456,1.0499814951700686,1.816321818832426,3,SIDENRENG RAPPANG,PANCA RIJANG
1.0142673741494768,0.27552668909903866,-1.2701109489525815,1.6831905922220232,1.1515995963946897,4,SIDENRENG RAPPANG,KULO
5.691903707479234,0.20198196427402323,-0.5402114838112448,-0.20641999950130446,0.830689931926964,4,SIDENRENG RAPPANG,MARITENGNGAE
2.335660987281463,-0.35512431811273376,-3.3660975741752273,0.5836012858542461,0.4625151533399906,4,SIDENRENG RAPPANG,WATANG SIDENRENG
0.38845681406983046,0.9771258470577255,-1.339127990095729,-0.2131088472117547,-0.6419836521680226,4,SIDENRENG RAPPANG,PITU RIAWA
3.588956535190473,0.37889039826567045,-2.557651044800531,0.8583429911346281,0.12755199395845918,4,SIDENRENG RAPPANG,DUAPITUE
-2.9494910954704743,0.8790728613369437,0.1056284094191014,-2.1345696563427206,-1.9363263350132924,2,SIDENRENG RAPPANG,PITU RIASE
1.2809614834975651,0.5517524436412721,-0.7981547537867762,0.8744654472255605,0.5353979142649947,4,PINRANG,SUPPA
3.448446018426445,0.7684270245001933,-2.108877157468763,0.7144717049976802,-1.251496684630333,4,PINRANG,MATTIROSOMPE
2.7477851591267792,0.4464510593782485,-1.49527273376307,1.5975315285161984,0.6125730169107053,4,PINRANG,LANRISANG
3.1493807446510904,1.0153459435061063,-1.492895934261568,0.19405017972574776,-1.2402500707812434,4,PINRANG,MATTIRO BULU
6.753381297416302,0.5870466092965544,1.1950888857609052,0.3116627627134101,2.057364244838548,3,PINRANG,WATANG SAWITTO
5.233857702625729,0.756528347216584,0.35227133800207,0.6876240046703037,-0.49155570995500525,4,PINRANG,PALETEANG
4.284500888189699,0.6041080509401121,-0.9668870195466216,1.8703612098346394,0.8984747169368259,4,PINRANG,TIROANG
2.757860421634278,1.359162166438646,-0.9536289541298005,1.1459215221933068,-0.27992789538270474,4,PINRANG,PATAMPANUA
2.7202459935144976,0.6084309403933607,-1.433617769236818,2.2072761752318226,0.8442493644319935,4,PINRANG,CEMPA
1.719517339749001,1.462683940806628,-0.19723767590161806,-0.6668337334518417,-0.6382674187556424,4,PINRANG,DUAMPANUA
-2.2148199912219795,0.6992642780485747,0.7598704449722572,0.4978669297120261,0.7529547120446617,5,PINRANG,BATULAPPA
-2.440719998856667,1.162240640372163,0.6059603449894817,-0.48727009175882846,-0.6734394960600409,2,PINRANG,LEMBANG
-1.2108743645276432,1.3332606825737778,0.09592494420476709,-0.1277998310151365,-0.3790319606117139,2,ENREKANG,MAIWA
-5.810931330903126,0.4458172891791159,0.6380810463171149,0.12682526115526468,0.3284339716665854,5,ENREKANG,BUNGIN
-0.05066917935752887,1.6456463250172644,1.7543023719908721,-2.533825262976797,-1.2379569424433625,2,ENREKANG,ENREKANG
-1.6088893406678924,0.9168876142877768,0.8303399413212101,-0.16417792959276972,-0.6358680293396445,2,ENREKANG,CENDANA
-2.9802158858819117,0.87501681913684215,0.22185967193696018,-0.20452128910776451,-1.08794529373446,5,ENREKANG,BARAKA
-5.323776436333928,0.4553055277256576,0.7203076800418033,-0.7285072823136695,-1.3519586080306218,5,ENREKANG,BUNTU BATU
-1.5364953542813282,0.7754586277677558,1.4803097194363275,0.3135161978507844,1.2640509944817215,5,ENREKANG,ANGGERAJA
-1.5281689863002006,0.8357337790650256,-0.6850950803823972,1.6877046822124602,-0.22920273230641022,5,ENREKANG,MALUA
0.20385473467930637,0.6790865656468221,-0.2701501979007341,1.7742466580852088,1.536459735980956,4,ENREKANG,ALLA
-2.975331190526725,0.25932396047409184,0.19875217225648556,1.0698253864376515,-0.6419650677152197,5,ENREKANG,CURIO
-3.649704463723576,0.47467578044657843,-0.4135310203848965,1.0084736068528959,-0.5541282253252249,5,ENREKANG,MASALLE
-2.20993697263619,0.2328667548473892,-1.3456229824475632,3.1446900599192094,1.6753235127974098,5,ENREKANG,BAROKO
-2.4267266761304733,1.7966475859754094,-0.20874384373296057,-2.245711007097702,-2.224227859303852,2,LUWU,LAROMPONG
-0.28367212710716627,1.0001484279858996,-0.092877714428477,-0.8518171933576909,-1.1009402324905047,2,LUWU,LAROMPONG SELATAN
0.3932060686796731,1.368301748568627,0.036005835956340236,-1.3996262488401052,-1.7720979857664971,2,LUWU,SULI
-3.855615553864931,0.9114566260717067,0.5288335701158429,-1.0213880943957314,-1.4047276683922512,5,LUWU,SULI BARAT
1.4576178766243189,1.150852086702909,2.0068249297318648,-1.6301924415166416,-0.7441182033312181,2,LUWU,BELOPA
0.5342621385064135,1.0027692547856233,-0.8369551861233083,0.521225032657707,0.07128922009681604,4,LUWU,KAMANRE
1.8397297641016241,0.7456672243036936,1.914471369081675,-1.467961198033429,-0.021162756777005094,2,LUWU,BELOPA UTARA
0.6004459037727491,1.2035450887952879,-0.5968507487881853,0.5936212897428531,0.3766260111733278,4,LUWU,BAJO
-3.196119645192482,0.29860654963678257,0.21368609806458563,0.9848130904567325,0.8950363506068537,5,LUWU,BAJO BARAT
-6.122509144706911,-0.03783230467482958,1.249146576636222,0.4378763658459112,-1.4652286841818054,5,LUWU,BASSESANGTEMPE
-6.140443938885732,0.442589348236901,1.5533546293849585,-0.8251854937028039,-1.5918929022025496,5,LUWU,LATIMOJONG
-5.5127159281168465,0.4247919050688375,-0.011843257459924695,1.4645109963415663,-0.2502464927335693,5,LUWU,BASSESANGTEMPE UTARA
-0.901768208886246,1.4031816247304234,-0.08241354747898212,-1.174264131334753,-1.5155505713106425,2,LUWU,BUPON
-0.5253959344795485,2.1840804541149037,0.23679726716778093,-1.9196474220902535,-2.6628440063668015,2,LUWU,PONRANG
1.0433129039168025,1.4712277662606643,-0.21305399748253528,-1.4862457028528977,-1.7851005632581467,2,LUWU,PONRANG SELATAN
-1.2342391441767144,1.2712113024805283,1.4945037895850244,-0.6280724085606587,-0.5422339969743669,2,LUWU,BUA
-0.677315596318148,1.1965145317824337,0.5106050245066034,-0.30895000159406477,-1.9337874706644766,2,LUWU,WALENRANG
0.3935966020786421,1.2238208992032247,-0.6603553268511766,0.696521887810404,-1.6601219326860943,4,LUWU,WALENRANG TIMUR
2.3588682552747118,0.9363344955217623,-0.6570786539636733,2.68177809822453,0.61019130488539,4,LUWU,LAMASI
-2.5168612145827023,1.6676753245227398,0.7449812317556843,0.26384312289733963,-0.9861130554356553,5,LUWU,WALENRANG UTARA
-6.637892520884874,0.07861577911586268,1.8579275080717832,0.8131765514451506,-2.525365357573558,5,LUWU,WALENRANG BARAT
0.7086533228794653,1.436468017808934,0.029187125229547143,-0.2013761709949091,-2.0894953945174466,2,LUWU,LAMASI TIMUR
-4.244438663785998,-0.5622839268666471,0.4570773977559292,1.8843673603079567,0.8444281955358548,5,TANA TORAJA,BONGGAKARADENG
-4.902899230478105,-0.18923520316188938,-0.3581986076424738,2.551999565362911,0.5866796462023542,5,TANA TORAJA,SIMBUANG
-3.796240475396185,-0.5380720160184349,0.27246895802014537,3.2797292180954365,0.9732658792307948,5,TANA TORAJA,RANO
-5.049700148578639,-0.441790336393806,0.5930858692031603,1.0909967550807642,-0.35603120878236477,5,TANA TORAJA,MAPPAK
-1.4205209059036528,1.0518200324491236,2.2030662491659343,-1.4782952823825166,-1.9037519030011338,2,TANA TORAJA,MENGKENDEK
-1.137689617153574,-0.022664202680874376,0.5375453721093559,2.290563434327358,1.4425530756158607,5,TANA TORAJA,GANDANG BATU SILANAN
-1.9961288554267398,0.4892863402002333,0.9373909097785209,2.763909699222237,1.3794047170348394,5,TANA TORAJA,SANGALLA
-6.093353918013787,0.0731381411287874,1.5630773112052214,2.217130495009066,1.544233508048929,5,TANA TORAJA,SANGALA SELATAN
-1.717692912971414,1.1128522703219257,-0.3537660518040795,1.7995242111224643,-0.6010076947286921,5,TANA TORAJA,SANGALLA UTARA
2.1169610559463243,1.0124627995308664,2.6499362293786457,1.3325008646363594,1.7434845456946593,3,TANA TORAJA,MAKALE
-2.388801907505151,-0.83134772656573,0.7203083858373084,2.5482753712006345,0.2100913847452319,5,TANA TORAJA,MAKALE SELATAN
0.23838687858785895,0.5561268685652523,1.8758455993869783,2.28182482301892,1.8626120695177626,5,TANA TORAJA,MAKALE UTARA
-2.5903833069328597,0.4515339982127346,-0.3456689349086621,3.753787799768741,1.0399112799378218,5,TANA TORAJA,SALUPUTTI
-3.767494917088989,0.10620898319258375,-0.14516158579861616,2.4295295885150745,0.06447211572455978,5,TANA TORAJA,BITTUANG
-1.7801872184603824,0.7658576286762269,0.08732817920701424,1.8833339469839487,-0.7373492132614752,5,TANA TORAJA,REMBON
-5.719627834940316,-0.9108958064430974,1.4597413449654533,0.006362880129855983,-1.0649198757221425,5,TANA TORAJA,MASANDA
-4.166913614429406,-0.20000326730522308,0.7483680015882631,2.2030793650768508,0.8740436397238769,5,TANA TORAJA,MALIMBONG BALEPE
-1.0695595849212711,-0.10954939130912289,0.6002686297004068,4.056314597968913,1.5606606299465715,5,TANA TORAJA,RANTETAYO
-3.1326770599539824,0.7739806615493448,-1.005988388345934,3.6864752824544804,1.004981018084649,5,TANA TORAJA,KURRA
-3.7368503985877184,0.5228484030111321,0.9892410611708397,-0.3812542982503239,-2.491369809733568,5,LUWU UTARA,SABBANG
-0.03194333157546079,1.1437494635761913,-0.14277165529658056,0.11894053717192363,-1.5395914524762524,2,LUWU UTARA,BAEBUNTA
0.9399811308297532,1.282210223217432,0.6725894745970625,-1.9037985542957305,-2.4780627742540573,2,LUWU UTARA,MALANGKE
-0.02959434419933095,0.9286281693047683,-0.17895455040450195,-1.4233742268344913,-1.7492554808940455,2,LUWU UTARA,MALANGKE BARAT
-0.4164677382106813,1.1642114447402876,-0.010737728504409912,0.0081929753547575,-2.2632175464731854,2,LUWU UTARA,SUKAMAJU
-0.5435309476013885,1.1611295653398654,1.7162483925287935,-0.7480183022059814,-1.543016263072256,2,LUWU UTARA,BONE-BONE
-0.17290286954968867,1.6183464084984551,1.231516035514151,-0.8880414478095466,-2.2095811132296017,2,LUWU UTARA,TANA LILI
-0.837171526821533,-0.011934646853425768,3.5270209737713363,-1.7642740224399176,-0.3235429190562736,2,LUWU UTARA,MASAMBA
-0.03514729686907151,0.8872703845981601,0.43214118044759614,-0.24409487451520184,-1.2520976249704228,2,LUWU UTARA,MAPPEDECENG
-6.7757760069599176,-0.7370329193174858,2.6027637435360647,-0.31644343528748264,-0.12164084126498194,5,LUWU UTARA,RAMPI
-6.882505700734519,-0.7076726420548651,2.4301252859715303,0.05654975669856691,-1.4355555730104088,5,LUWU UTARA,RONGKONG
-5.785839802039828,-0.0374608206101998,0.5527305231094328,-1.1787188985798691,-2.432272455368286,5,LUWU UTARA,SEKO
-1.1273996721485204,1.7360629134957422,0.705815065263547,-1.2544851129733607,-2.3717329627638013,2,LUWU TIMUR,BURAU
1.9512038674482892,1.5508726480843318,1.9640310468788553,-0.6875284590526478,-0.18582170834932743,2,LUWU TIMUR,WOTU
-1.9641883494305998,0.5310269659503958,1.0588538970926211,0.3443623519117776,0.410272436900487,5,LUWU TIMUR,TOMONI
2.179297671350825,1.8724309352013808,-1.3875140340878862,2.289126945528709,-0.6347893321433821,4,LUWU TIMUR,TOMONI TIMUR
-0.6560693549122711,1.6903555160157104,0.640736726818974,-0.0404624204668862,-0.8530859133425328,2,LUWU TIMUR,ANGKONA
-1.467006251589356,1.5713865829392917,2.104464088187427,-2.975437613362799,-0.4709318187550255,2,LUWU TIMUR,MALILI
-1.3076649320457006,0.4527147898758964,1.3470584436411324,-4.929708340956169,-1.2967251149430132,2,LUWU TIMUR,TOWUTI
-0.09021454516365057,-1.0653768979273208,5.36672981439341,-3.413464829643706,3.1338843071088522,3,LUWU TIMUR,NUHA
-2.5008236222465916,-0.055695481658354584,1.9892179942817336,-1.6679356437469253,0.6402927806830778,2,LUWU TIMUR,WASUPONDA
-2.631170473458771,0.5382682860734097,1.7674312049072696,-2.1144765519661033,-1.7153510859895866,2,LUWU TIMUR,MANGKUTANA
-0.43251544656668156,1.7358150135974948,0.22942867292221678,0.44218435337115436,-2.173474020995594,2,LUWU TIMUR,KALAENA
-1.896540294190946,0.7478169335154449,-0.01045946090893199,3.981837838335316,1.294619562322323,5,TORAJA UTARA,SOPAI
0.06284048055421003,1.2809846620336147,1.514550553897459,3.0439371012560956,1.2162375178321776,5,TORAJA UTARA,KESU
-2.205197874916637,1.1062979419493624,0.21363344618249383,3.527745596014629,1.3610480706086088,5,TORAJA UTARA,SANGGALANGI
-3.248980567529945,1.4100984627866053,1.1107332242302435,1.9159785825684548,0.24055773076346712,5,TORAJA UTARA,BUNTAO
-5.136907657364908,1.1970303395450475,0.20746627506928472,2.1413820111012503,0.18637565167842238,5,TORAJA UTARA,RANTEBUA
-3.958178859068928,0.822747049030089,1.2857894642424084,1.708636361477403,0.6911963919094072,5,TORAJA UTARA,NANGGALA
-0.660626406316313,0.9464269367884043,1.123140157152225,3.79042929693103,1.6387186058044403,5,TORAJA UTARA,TONDON
2.0417633459032554,0.7226020176285102,3.9112229002535916,2.767993672707793,2.394818274197034,3,TORAJA UTARA,TALLUNGLIPU
2.420296819974473,0.9568286913135824,3.940663852407497,2.386118378885509,2.040589645270564,3,TORAJA UTARA,RANTEPAO
-1.0856359303409084,0.3016217802807,0.579785013275577,3.8549616862355083,1.5485024262450886,5,TORAJA UTARA,TIKALA
-1.061317535370818,0.4850860067323926,0.594270162340466,3.7145440909468532,1.4806294116530794,5,TORAJA UTARA,SESEAN
-3.302312111004557,0.3114349533743037,-0.05386917049768081,0.07904087306105606,-1.004730485920398,5,TORAJA UTARA,BALUSU
-3.6787838616030504,0.4587910882264103,1.3331694019556344,1.9441932834369946,0.2077285415562225,5,TORAJA UTARA,SA'DAN
-3.2481894312342807,0.4043803926206128,1.1279679868902013,4.849681907720389,2.0203406878015393,5,TORAJA UTARA,BENGKELEKILA
-3.679939032581721,-0.03367588213519135,0.48529999110841765,3.608724525869379,1.3115316565367394,5,TORAJA UTARA,SESEAN SULOARA
-2.6364606161196558,-0.21736534877495803,-0.24767595721760408,3.899228849831881,1.5661374999857236,5,TORAJA UTARA,KAPALA PITU
-2.8614362233086394,0.4852466895186431,-1.0854940474593084,3.2778428143770806,-0.45352031193918585,5,TORAJA UTARA,DENDE PIONGAN NAPO
-5.3791635625094205,0.1429387422682268,0.8928887124553561,2.5661763883230986,0.6735500030133292,5,TORAJA UTARA,AWAN RANTE KARUA
-4.03022032246554,0.6801836701700678,0.21502432952475714,2.8993061509801055,0.34122896862967694,5,TORAJA UTARA,RINDINGALO
-5.58428004767051,-0.01634201157668647,1.7161887376506904,1.4101400475859531,-0.2886342880484051,5,TORAJA UTARA,BUNTU PEPASAN
-6.0515579163585,-0.031447022752483,2.411528908339508,0.5107781579736539,0.23697660974937004,5,TORAJA UTARA,BARUPPU
3.356272870980457,-2.782269177707064,3.538175049313935,0.4407931230004335,0.33159527035247527,3,MAKASSAR,MARISO
4.643806723359581,-2.301852901935948,4.7378773851794636,0.38179714849198726,1.7810506466710636,3,MAKASSAR,MAMAJANG
6.2102812709542174,-0.06723338699915025,2.4504643626550213,-0.2154835277727586,-0.8873137100799128,3,MAKASSAR,TAMALATE
5.289990686339436,-1.9173960484451837,5.108386068613707,-0.40452964673441993,-0.19365893766839654,3,MAKASSAR,RAPPOCINI
3.962485196387394,-2.404260285166984,4.7932789148174635,0.9073614872145677,1.672949593852983,3,MAKASSAR,MAKASSAR
4.070005188341407,-3.1606318902409716,5.5585860808608585,-0.09972842674493365,2.655656155286784,3,MAKASSAR,UJUNG PANDANG
4.936068693074828,-2.9787093683183263,1.5318056627583534,-2.416777534485176,1.8483558313201807,3,MAKASSAR,WAJO
4.141243080574759,-2.587355980322124,5.228117265971643,0.04933209316219264,0.7418408757806613,3,MAKASSAR,BONTOALA
2.8476485754207967,-14.794948100451856,4.3103908459494,3.668086550089082,-6.129178730013434,1,MAKASSAR,UJUNG TANAH
2.9941587102977203,-0.8548699226400052,3.977796540739028,-1.066863903642435,-1.0834518136002245,3,MAKASSAR,TALLO
3.4965528365735157,-0.514386733337007,5.675060553756784,-1.828522177820955,-0.5446680026070817,3,MAKASSAR,PANAKKUKANG
5.4031302237878105,0.2912497894204234,3.2516337012786845,0.4043178847129001,1.6893477713369756,3,MAKASSAR,MANGGALA
5.134887365233769,-0.5337651877514081,4.287894800916225,-0.76592325177112075,0.9039005024122039,3,MAKASSAR,BIRING KANAYA
4.661129700294701,-0.2980078668754283,5.7663266053304865,-1.4907477665001712,1.8910405818943368,3,MAKASSAR,TAMALANREA
0.27383992446377564,0.6083178963129424,2.142096047901551,-1.1383173987864161,1.2411370983673715,2,PAREPARE,BACUKIKI
2.679431546115408,-0.12059555124958517,2.17161573518095,-0.38943225583505586,1.9509272791543024,3,PAREPARE,BACUKIKI BARAT
3.3709524880182293,-0.052382431996361126,2.53488964392132,-0.045638182635781344,2.866721940582705,3,PAREPARE,UJUNG
2.4543732952270343,-0.5495872193429495,2.5609930984922213,0.7584506677072294,2.794894200134636,3,PAREPARE,SOREANG
1.4570160697560395,0.1304884110553787,3.960513812070706,-0.470505317756375,2.799428704741506,3,PALOPO,WARA SELATAN
-3.2570672506819434,-0.28239221351410504,1.2119218902244455,1.7478398317063581,1.855835455157847,5,PALOPO,SENDANA
3.459422495154965,-0.08969139429529623,3.617099262756692,0.3832727496237187,2.468754572084204,3,PALOPO,WARA
2.2473727652834468,-0.9794368357648969,4.9984835921651,-1.1380392155485026,2.2825883454706686,3,PALOPO,WARA TIMUR
-3.136853634446827,-0.21758825924058478,2.71310509253379,0.43346013867894323,1.9143042406769493,5,PALOPO,MUNGKAJANG
0.4127699764700296,-0.12069922874770363,5.376957491859488,-1.0343221400777738,1.8914764618862674,3,PALOPO,WARA UTARA
1.127695498112899,0.44853644114658087,4.2941159028812566,-0.7533305850215004,2.0791134750838594,3,PALOPO,BARA
-0.40380631410629025,1.3279314264321915,-0.16011580487191854,1.6994886047564206,-0.17449669906288234,4,PALOPO,TELLUWANUA
-3.3574230004782253,0.3596035288855827,2.4679302427257084,-0.033414008454347124,0.7150162211994556,5,PALOPO,WARA BARAT
